Ride name,Location,Opening date,Type,Manufacturer,Height,Length,Speed,Inversions,Duration,Capacity,Cost,Drop,Max vertical angle,G-force,Height Restriction,Park number
ARTHUR,Europa-Park,June 2014,Steel – Inverted – Powered,Mack Rides,13.5 m (44 ft),"550 m (1,800 ft)",31 km/h (19 mph),0,4 minutes,"1,600 riders per hour",€25 million,,,,,51
Abyssus,Energylandia,"July 14, 2021",Steel – Launched,Vekoma,126.3 ft (38.5 m),"4,317.6 ft (1,316.0 m)",62.1 mph (99.9 km/h),4,,1000 riders per hour,"€11,000,000",,,4.5,,317
Adventure Express,Kings Island,"April 13, 1991",Steel – Mine Train,Arrow Dynamics,63 ft (19 m),"2,963 ft (903 m)",35 mph (56 km/h),0,2:20,1600 riders per hour,"$4,000,000",,,3.8,,60
Afterburn,Carowinds,"March 20, 1999",Steel – Inverted,Bolliger & Mabillard,113 ft (34 m),"2,956 ft (901 m)",62 mph (100 km/h),6,2:47,1380 riders per hour,US$10.5 million,,,,,59
Alpenexpress Enzian,Europa-Park,1984,Steel – Powered – Virtual reality,Mack Rides,6 m (20 ft),264 m (866 ft),45 km/h (28 mph),0,1:40,1100 riders per hour,,,,,,51
Alpengeist,Busch Gardens Williamsburg,"March 22, 1997",Steel – Inverted,Bolliger & Mabillard,195 ft (59 m),"3,828 ft (1,167 m)",67 mph (108 km/h),6,3:10,1820 riders per hour,$20 million,170 ft (52 m),79°,3.7,,23
American Thunder,Six Flags St. Louis,"June 20, 2008",Wood,Great Coasters International,82 ft (25 m),"2,713 ft (827 m)",48 mph (77 km/h),0,,850 riders per hour,"US$7,000,000",80 ft (24 m),,,,36
Anaconda,Kings Dominion,"March 23, 1991",Steel,Arrow Dynamics,128 ft (39 m),"2,700 ft (820 m)",50 mph (80 km/h),4,1:50,"1,400 riders per hour","$5,000,000[1]",144 ft (44 m),,5.1,,62
Apocalypse: The Ride,Six Flags Magic Mountain,"May 23, 2009",Wood,Great Coasters International,95 ft (29 m),"2,877 ft (877 m)",50.1 mph (80.6 km/h),,3:00,1000 riders per hour,"$10,000,000",87.3 ft (26.6 m),,,,32
Apollo's Chariot,Busch Gardens Williamsburg,"March 30, 1999",Steel,Bolliger & Mabillard,170 ft (52 m),"4,882 ft (1,488 m)",73 mph (117 km/h),0,2:15,"1,750 riders per hour",US$20 million,210 ft (64 m),65°,4.1,,23
Apple Zapple,Kings Dominion,"March 22, 2002",Steel – Wild Mouse,Mack Rides,52 ft (16 m),"1,312 ft (400 m)",35 mph (56 km/h),0,,960 riders per hour,,50 ft (15 m),,,,62
Avalanche,Blackpool Pleasure Beach,22 June 1988,Steel – Bobsled,Mack Rides,59 ft (18 m),"1,161 ft (354 m)",45 mph (72 km/h),0,1:22,,"£2,500,000",,,,,273
Balder,Liseberg,12 April 2003,Wood,Intamin,36 m (118 ft),"1,070 m (3,510 ft)",90 km/h (56 mph),0,2:08,"1,200 riders per hour","100 million SEK (=approx. $12,6 million)",30.5 m (100 ft),70°,,,11
Bandit,Movie Park Germany,1999,Wood,Roller Coaster Corporation of America,27.8 m (91 ft),"1,099 m (3,606 ft)",80 km/h (50 mph),0,1:30,,,24.9 m (82 ft),,,,310
Banshee,Kings Island,"April 18, 2014",Steel – Inverted,Bolliger & Mabillard,167 ft (51 m),"4,124 ft (1,257 m)",68 mph (109 km/h),7,2:40,"1,650 riders per hour","US$24,000,000",150 ft (46 m),,,,60
Baron 1898,Efteling,"July 1, 2015[1]",Steel – Dive Coaster,Bolliger & Mabillard,30 m (98 ft),"501 m (1,644 ft)",90 km/h (56 mph),2,130 seconds[3],1000 riders per hour,€ 18 million[2],37.5 m (123 ft),87°,,,160
Batman: Arkham Asylum,Parque Warner Madrid,6 April 2002; 19 years ago,Steel – Inverted,Bolliger & Mabillard,105 ft (32 m),,49.7 mph (80.0 km/h),5,1:15,,,,,4.9,,298
Batman: The Dark Knight,Six Flags New England,"April 20, 2002[1]",Steel – Floorless Coaster,Bolliger & Mabillard,117.8 ft (35.9 m),"2,850 ft (870 m)",55 mph (89 km/h),5[1],2:20,,"$9,500,000[2]",,,,,43
Batman: The Ride,Six Flags Mexico,"April 14, 2000",Steel – Inverted,Vekoma,109.3 ft (33.3 m),"2,260.5 ft (689.0 m)",49.7 mph (80.0 km/h),5,1:36,"1,040 riders per hour",,,,,,47
Batwing,Six Flags America,"June 16, 2001",Steel – Flying,Vekoma,115 ft (35 m),"3,340 ft (1,020 m)",50 mph (80 km/h),5,2:02,850 riders per hour,,103 ft (31 m),33°,4.3,,42
Behemoth,Canada's Wonderland,4 May 2008,Steel,Bolliger & Mabillard,70 m (230 ft),"1,620.9 m (5,318 ft)",124 km/h (77 mph),0,3:10,1545 riders per hour,C$26 million est.,69 m (226 ft),75°,4.5,,58
Big Dipper,Blackpool Pleasure Beach,23 August 1923,Wood – Out and back,William Strickler,65 ft (20 m),"3,300 ft (1,000 m)",40 mph (64 km/h),0,2:28,,"£25,000 (1922)",50 ft (15 m),46°,3.7,,273
Bizarro,Six Flags Great Adventure,"April 2, 1999May 23, 2009Re-theming",Steel,Bolliger & Mabillard,142 ft (43 m),"3,985 ft (1,215 m)",61 mph (98 km/h),7,2:20,1350 riders per hour,"USD15,000,000",132 ft (40 m),,4,,37
Black Diamond,Knoebels Amusement Resort,"October 8, 2011[1]",Steel – Family – Enclosed,Philadelphia Toboggan Coasters,35 ft (11 m),,,0,,,$2.25 million,,,,,314
Black Mamba,Phantasialand,"May 24, 2006",Steel – Inverted,Bolliger & Mabillard,85.3 ft (26.0 m),"2,519 ft (768 m)",49.7 mph (80.0 km/h),4,,1500 riders per hour,,,,4G,,56
Blue Fire Megacoaster,Europa-Park,"April 4, 2009",Steel – Launched,Mack Rides,124 ft (38 m),"3,464.6 ft (1,056.0 m)",62 mph (100 km/h),4,2:20 [1],"1,450 [1] riders per hour",,,,3.8,,51
Blue Flyer,Blackpool Pleasure Beach,1934,,,15 ft (4.6 m),,,0,1:00,,,,,,,273
Blue Streak,Cedar Point,"May 23, 1964",Wood,Philadelphia Toboggan Coasters,78 ft (24 m),"2,558 ft (780 m)",40 mph (64 km/h),0,1:45,"1,400 riders per hour","$200,000",72 ft (22 m),45°,,,50
Blue Tornado,Gardaland,1998,Steel – Inverted,Vekoma,108.27 ft (33.00 m),"2,509 ft (765 m)",49.7 mph (80.0 km/h),5,1 min 42 sec,1500 riders per hour,,98.43 ft (30.00 m),59°,4.5,,12
Boomerang,Worlds of Fun,"April 8, 2000",Steel – Boomerang – Shuttle,Vekoma,116 ft (35 m),935 ft (285 m),47 mph (76 km/h),"6 (3 forward, 3 backward)",1 min 48 sec,750 riders per hour,,,45°,,,63
Boomerang,Six Flags México,1984,Steel – Boomerang,Vekoma,116.5 ft (35.5 m),935 ft (285 m),47 mph (76 km/h),3,1:48,760 riders per hour,,,65°,5.2,,47
Booster Bike,Toverland,"July 27, 2004",Steel – Motorbike – Launched,Vekoma,15 m (49 ft),"594 m (1,949 ft)",75 km/h (47 mph),0,1:08,,,,,2.5,,305
Boulder Dash,Lake Compounce,"May 21, 2000",Wood,Custom Coasters International,110 ft (34 m),"4,725 ft (1,440 m)",60 mph (97 km/h),,2:30,,"US$6,000,000",115 ft (35 m),59°,,,313
Candymonium,Hersheypark,"July 3, 2020",Steel,Bolliger & Mabillard,210 ft (64 m),"4,636 ft (1,413 m)",76 mph (122 km/h),0,2:26,,,,77.3°,,,15
Canyon Blaster,Six Flags Magic Mountain,"May 30, 1999",Steel,E&F Miler Industries,8 ft (2.4 m),,10 mph (16 km/h),0,0:52,200 riders per hour,,6 ft (1.8 m),,1,,32
Carolina Cyclone,Carowinds,"March 22, 1980",Steel,Arrow Dynamics,95 ft (29 m),"2,100 ft (640 m)",41 mph (66 km/h),4,1:30,"1,600 riders per hour","$2,000,000",65 ft (20 m),53°,3.5,,59
Carolina Goldrusher,Carowinds,"March 31, 1973",Steel,Arrow Dynamics,43 ft (13 m),"2,397 ft (731 m)",30 mph (48 km/h),0,2:17,"2,000 riders per hour",,34 ft (10 m),,2.4,,59
Catwoman's Whip,Six Flags New England,"May 5, 2000",Steel – Family,Zierer,26.25 ft (8.00 m),"1,181 ft (360 m)",22.4 mph (36.0 km/h),0,2:30,1250 riders per hour,,20 ft (6.1 m),,,,43
Cedar Creek Mine Ride,Cedar Point,"May 24, 1969",Steel – Mine Train,Arrow Development,48 ft (15 m),"2,540 ft (770 m)",42 mph (68 km/h),0,2:50,2400 riders per hour,,,,,,50
Cheetah Hunt,Busch Gardens Tampa Bay,"May 27, 2011",Steel – Launched,Intamin,102 ft (31 m),"4,429 ft (1,350 m)",60 mph (97 km/h),1,,,,130 ft (40 m),,4,,24
Coast Rider,Knott's Berry Farm,"May 25, 2013",Steel – Wild Mouse,Mack Rides,52 ft (16 m),"1,339 ft (408 m)",,0,2:30,,,,,,,61
Cobra's Curse,Busch Gardens Tampa Bay,"June 17, 2016",Steel – Spinning,Mack Rides,70 ft (21 m),"2,100 ft (640 m)",40 mph (64 km/h),0,,1000 riders per hour,,,,,,24
Colorado Adventure,Phantasialand,"May 11, 1996",Steel – Mine Train,Vekoma,85 ft (26 m),"4,199 ft (1,280 m)",31.1 mph (50.1 km/h),,2:55,"2,300 riders per hour",,,,,,56
Colossos - Kampf der Giganten,Heide Park,"April 13, 2001",Wood,Intamin,50.0 m (164.0 ft),"1,344 m (4,409 ft)",110 km/h (68 mph),0,2:25,"1,030 riders per hour",,48.5 m (159 ft),61°,"-1,5g and 4,5g",,25
Colossus,Thorpe Park,"March 22, 2002",Steel,Intamin,98 ft (30 m),"2,789 ft (850 m)",45 mph (72 km/h),10,1:45,,"£13,500,000",97 ft (30 m),,4.2,,2
Comet,Hersheypark,1946,Wood,Philadelphia Toboggan Coasters,84 ft (26 m),"3,360 ft (1,020 m)",50 mph (80 km/h),,1:45,950 riders per hour,,78 ft (24 m),47°,,,15
Condor,Walibi Holland,May 1994,Steel – Inverted,Vekoma,31 m (102 ft),"662 m (2,172 ft)",80 km/h (50 mph),5,2:02,900 riders per hour,,,,4.5 G (Positive),,53
Copperhead Strike,Carowinds,"March 23, 2019",Steel – Launched,Mack Rides GmbH & Co KG,82 ft (25 m),"3,255 ft (992 m)",50 mph (80 km/h),5,2:24,"1,200 riders per hour","$26,000,000",,,,,59
Corkscrew,Cedar Point,"May 15, 1976",Steel,Arrow Development,85 ft (26 m),"2,050 ft (620 m)",48 mph (77 km/h),3,2:00,"1,800 riders per hour","$1,750,000 USD",65 ft (20 m),45°,,,50
Corkscrew,Valleyfair,1980,Steel,Arrow Dynamics,85 ft (26 m),"1,950 ft (590 m)",50 mph (80 km/h),3,,1300 riders per hour,,,,3.5,,68
Cosmic Coaster,Worlds of Fun,"April 3, 1993",Steel – Junior,Preston & Barbieri,,444 ft (135 m),,0,0:55,,,,,,,63
Crazy Bats,Phantasialand,"April 1st, 1988",Steel – Enclosed,Vekoma,38.4 ft (11.7 m),"3,851.7 ft (1,174.0 m)",28.9 mph (46.5 km/h),,4:00,1600 riders per hour,,,,,,56
Crush's Coaster,Walt Disney Studios Park,"June 9, 2007",Steel – Spinning – Enclosed,Maurer AG,,,60.7 km/h (37.7 mph),0,1:55,,,,,,,28
Dahlonega Mine Train,Six Flags Over Georgia,"June 16, 1967",Steel – Mine Train,Arrow Dynamics,37 ft (11 m),"2,327 ft (709 m)",29 mph (47 km/h),,2:51,2200 riders per hour,,,45°,,,35
Dare Devil Dive,Six Flags Over Georgia,"May 28, 2011[1]",Steel,Gerstlauer,95 ft (29 m),"2,099 ft (640 m)",52 mph (84 km/h),3,1:40,,"$9,000,000",,95°,,,35
De Vliegende Hollander,Efteling,"April 1, 2007",Steel,Kumbak,18 m (59 ft),"420 m (1,380 ft)",69 km/h (43 mph),0,3.43 minutes,1900 riders per hour,€ 20 million,,,0.2-2,,160
Diamondback,Kings Island,"April 18, 2009",,Bolliger & Mabillard,230 ft (70 m),"5,282 ft (1,610 m)",80 mph (130 km/h),0,3:00,"1,620 riders per hour",$22 million,215 ft (66 m),74°,4.2,,60
Dragon Fyre,Canada's Wonderland,1981,Steel,Arrow Dynamics,23.8 m (78 ft),"658.5 m (2,160 ft)",80 km/h (50 mph),4,1:30,,,23.2 m (76 ft),,,,58
Dragon Khan,PortAventura Park,"May 2, 1995",Steel,Bolliger & Mabillard,45.1 m (148 ft),"1,285 m (4,216 ft)",104.6 km/h (65.0 mph),8,1:45,,,49.1 m (161 ft),,4,,19
Dragon's Fury,Chessington World of Adventures,"March 27, 2004",Steel – Spinning,Maurer AG,50.8 ft (15.5 m),"1,706 ft (520 m)",,0,,550 riders per hour,,,,,,3
Dragonflier,Dollywood,"May 10, 2019",Steel – Family – Inverted,Vekoma,63.3 ft (19.3 m),"1,486.2 ft (453.0 m)",46.6 mph (75.0 km/h),0,1:00,720 riders per hour,,,,3.5,,55
Dreamcatcher,Bobbejaanland,1987,Steel – Suspended,Vekoma,25 m (82 ft),"600 m (2,000 ft)",,0,,,,,,,,311
Electric Eel,SeaWorld San Diego,"May 10, 2018",Steel – Launched,Premier Rides,150 ft (46 m),863 ft (263 m),62 mph (100 km/h),1,0:45,720 riders per hour,,135 ft (41 m),,,,20
Euro-Mir,Europa-Park,1997,Steel – spinning,Mack Rides,92 ft (28 m),"3,215 ft (980 m)",49.7 mph (80.0 km/h),,4:33,1600 riders per hour,,,,4,,51
Eurosat - CanCan Coaster,Europa-Park,1989 (as Eurosat) September 2018 (as Eurosat - CanCan Coaster),Steel – Enclosed,Mack Rides,25.5 m (84 ft),"900 m (3,000 ft)",60 km/h (37 mph),0,3:20 minutes,max. 1600 riders per hour,,,70°,4,,51
Excalibur,Valleyfair,1989,Steel,Arrow Dynamics,100 ft (30 m),"2,415 ft (736 m)",54.5 mph (87.7 km/h),0,2:17,1200 riders per hour,"$3,000,000 USD",105 ft (32 m),60°,3.6,,68
Expedition Everest – Legend of the Forbidden Mountain,Disney's Animal Kingdom,"April 7, 2006",,Vekoma,199 ft (61 m),"3,884.5 ft (1,184.0 m)",50 mph (80 km/h),0,2:50,"2,050 riders per hour","US$100,000,000",80 ft (24 m),,3.0,,8
Expedition GeForce,"Holiday Park, Germany","June 18, 2001",Steel,Intamin,174 ft (53 m),"4,002.7 ft (1,220.0 m)",74.6 mph (120.1 km/h),0,1:15,1300 riders per hour,,168 ft (51 m),82°,4.5,,302
Exterminator,Kennywood,"April 18, 1999",Steel – Enclosed – Spinning,Reverchon Industries,42.7 ft (13.0 m),"1,377.9 ft (420.0 m)",29.1 mph (46.8 km/h),0,1:48 (2:30 including start/stop),900 riders per hour,,,,2.5,,312
F.L.Y.,Phantasialand,,Steel – Flying – Launched,Vekoma,,"4,055.1 ft (1,236.0 m)",48.5 mph (78.1 km/h),2,,1400 riders per hour,,,,,,56
Fahrenheit,Hersheypark,"May 24, 2008",Steel,Intamin,121 ft (37 m),"2,700 ft (820 m)",58 mph (93 km/h),6,1:25,850 riders per hour,"US$12,100,000",,97°,,,15
Fire in the Hole,Silver Dollar City,1972,Steel – Enclosed,Herschend Family Entertainment,,"1,380 ft (420 m)",27 mph (43 km/h),0,3:15,1000 riders per hour,,20 ft (6.1 m),,,,10
FireChaser Express,Dollywood,"March 22, 2014",Steel – Family – Launched,Gerstlauer,78 ft (24 m),"2,427 ft (740 m)",34.5 mph (55.5 km/h),0,2:19,750 riders per hour,"$15,000,000[1]",,,,,55
Flight Deck,California's Great America,"March 20, 1993",Steel – Inverted,Bolliger & Mabillard,102 ft (31 m),"2,260 ft (690 m)",50 mph (80 km/h),3,2:26,1330 riders per hour,,91 ft (28 m),,4.5,,57
Flight Deck,Canada's Wonderland,1995[1],Steel – Inverted,Vekoma,33.31 m (109.3 ft),"689.01 m (2,260.5 ft)",79.99 km/h (49.70 mph),5,1:28,1040 riders per hour,,,,,,58
Flug der Dämonen,Heide Park Resort,"March 29, 2014",Steel – Wing Coaster,Bolliger & Mabillard,40 m (130 ft),"772 m (2,533 ft)",100 km/h (62 mph),5,0:52 minutes,1060 riders per hour,"€15,000,000 ($USD19.9 million)",,,4,,25
Flying Ace Aerial Chase,Kings Island,2001,Steel – Family – Inverted,Vekoma,48.6 ft (14.8 m),"1,122 ft (342 m)",26 mph (42 km/h),0,1:30,650 riders per hour,,,,2.2,,60
Flying Fish,Thorpe Park,1984Opened10 March 2007Reopened,Steel,Mack Rides,20 ft (6.1 m),767 ft (234 m),16.8 mph (27.0 km/h),0,,"1,100 riders per hour",£1 million Rebuild,13 ft (4.0 m),,2.1,,2
Flying Turns,Knoebels Amusement Resort,"October 5, 2013",Wood – Bobsled,Knoebels Amusement Resort,50 ft (15 m),"1,300 ft (400 m)",24 mph (39 km/h),0,,,,,,,,314
Formuła,Energylandia,25 June 2016,Steel – Launched,Vekoma,24.7 m (81 ft),"560 m (1,840 ft)",79.2 km/h (49.2 mph),3,,,,,,3.8,,317
Freedom Flyer,Fun Spot America,"June 8, 2013",Steel – Family – Inverted,Vekoma,64.3 ft (19.6 m),"1,295.9 ft (395.0 m)",34.2 mph (55.0 km/h),0,1:03,758 riders per hour,,,,2.5,,18
Full Throttle,Six Flags Magic Mountain,"June 22, 2013[1]",Steel – Launched,Premier Rides,160 ft (49 m),"2,200 ft (670 m)",70 mph (110 km/h),2,1:30,800 riders per hour,US$6 million,,,4.0,,32
Furius Baco,PortAventura Park,"June 5, 2007",Steel – Launched,Intamin,46 ft (14 m),"2,788.75 ft (850.01 m)",83.9 mph (135.0 km/h),1,55 sec.,,"€15,000,000",,,4.7,,19
Fury,Bobbejaanland,"June 24, 2019",Steel – Launched,Gerstlauer,43 m (141 ft),"600 m (2,000 ft)",106.6 km/h (66.2 mph),2,,,,41.9 m (137 ft),90°,,,311
Fury 325,Carowinds,"March 28, 2015",Steel,Bolliger & Mabillard,325 ft (99 m),"6,602 ft (2,012 m)",95 mph (153 km/h),0,,1470 riders per hour,"$30,000,000",320 ft (98 m),81°,,,59
Fēnix,Toverland,7 July 2018,Steel – Wing Coaster,Bolliger & Mabillard,131 ft (40 m),"2,667 ft (813 m)",59 mph (95 km/h),3,1:45,"1,000 riders per hour","€13,000,000",,,5,,305
Galactica,Alton Towers,16 March 2002,Steel – Flying,Bolliger & Mabillard,20 m (66 ft),"840 m (2,760 ft)",75 km/h (47 mph),2,1:40,"1,500 riders per hour",£12 million,,,3.5,,1
GateKeeper,Cedar Point,"May 11, 2013",Steel – Wing Coaster,Bolliger & Mabillard,170 ft (52 m),"4,164 ft (1,269 m)",67 mph (108 km/h),6,2:40,"1,710 riders per hour",$30 million,164 ft (50 m),,4[1],,50
Georgia Scorcher,Six Flags Over Georgia,"May 8, 1999",Steel – Stand-up,Bolliger & Mabillard,107 ft (33 m),"3,000 ft (910 m)",54 mph (87 km/h),2,1:24,1300 riders per hour,,101 ft (31 m),52°,4,,35
Ghost Chasers,Movie Park Germany,2000,Steel – Wild Mouse,Mack Rides,14 m (46 ft),"370 m (1,210 ft)",45 km/h (28 mph),0,1:50,1120 riders per hour,,,,,,310
GhostRider,Knott's Berry Farm,"December 8, 1998",Wood,Custom Coasters International,118 ft (36 m),"4,533 ft (1,382 m)",56 mph (90 km/h),0,2:40,1600 riders per hour,,108 ft (33 m),51°,3.1,,61
Ghoster Coaster,Canada's Wonderland,"May 23, 1981",Wood,Taft Broadcasting,12.5 m (41 ft),"413.3 m (1,356 ft)",56 km/h (35 mph),,1:20,,,12 m (39 ft),,,,58
Gold Rusher,Six Flags Magic Mountain,"May 29, 1971",Steel – Mine Train,Arrow Development,70 ft (21 m),"2,590 ft (790 m)",35 mph (56 km/h),0,2:30,1750 riders per hour,"$1,200,000 USD",35 ft (11 m),3°,3.4,,32
Gold Striker,California's Great America,"May 31, 2013",Wood,Great Coasters International,108.2 ft (33.0 m),"3,197 ft (974 m)",53.7 mph (86.4 km/h),0,2:30,850 riders per hour,"$10,000,000[1]",103.3 ft (31.5 m),50°,4.2,,57
Goliath,Walibi Holland,"March 29, 2002",Steel,Intamin,47.17 m (154.8 ft),"1,214 m (3,983 ft)",106 km/h (66 mph),0,1:32,,,46.31 m (151.9 ft),70°,,,53
Goliath,Six Flags Over Georgia,"April 1, 2006",Steel,Bolliger & Mabillard,200 ft (61 m),"4,480 ft (1,370 m)",70 mph (113 km/h),0,3:30,"1,220 riders per hour","$20,000,000",175 ft (53 m),59°,,,35
Goliath,La Ronde,"May 13, 2006; 15 years ago",Steel,Bolliger & Mabillard,174.8 ft (53.3 m),"4,038.8 ft (1,231.0 m)",68.4 mph (110.1 km/h),0,3:00,,"$18,700,000",170.6 ft (52.0 m),70°,,,48
Goliath,Six Flags Fiesta Texas,"April 18, 2008",Steel – Inverted,Bolliger & Mabillard,105 ft (32 m),"2,693 ft (821 m)",50 mph (80 km/h),5,2:00,1400 riders per hour,,80 ft (24 m),,4,,39
Goliath,Six Flags Great America,"June 19, 2014[2]",,Rocky Mountain Construction,165 ft (50 m),"3,100 ft (940 m)",72 mph (116 km/h),2,1:45,800 riders per hour,,180 ft (55 m),85°,,,38
Goliath,Six Flags Magic Mountain,"February 11, 2000",Steel,Giovanola,235 ft (72 m),"4,500 ft (1,400 m)",85 mph (137 km/h),0,3:00,1600 riders per hour,$30 million,255 ft (78 m),61°,,,32
Goofy's Sky School,Disney California Adventure,"February 8, 2001(as Mullholland Madness)July 1, 2011(as Goofy's Sky School)",Steel – Wild Mouse,Mack Rides,55 ft (17 m),"1,200 ft (370 m)",27 mph (43 km/h),0,1:45,,,,,,,17
Goudurix,Parc Astérix,1989,Steel,Vekoma,36 m (118 ft),"950 m (3,120 ft)",90 km/h (56 mph),7,1:20,,,32.9 m (108 ft),64°,3.9,,9
Grand Expostion Coaster,Silver Dollar City,April 2006,Steel – Kiddie,Zamperla,10 ft (3.0 m),280 ft (85 m),,,,,,,,,,10
Great American Scream Machine,Six Flags Over Georgia,"March 31, 1973",Wood,Philadelphia Toboggan Coasters,105 ft (32 m),"3,800 ft (1,200 m)",57 mph (92 km/h),0,2:00,1200 riders per hour,,89 ft (27 m),45°,3.7,,35
Great Bear,Hersheypark,"May 23, 1998",Steel – Inverted,Bolliger & Mabillard,90 ft (27 m),"2,800 ft (850 m)",58 mph (93 km/h),4,2:55,1300 riders per hour,"US$13,000,000",124 ft (38 m),,,,15
Great Chase,Six Flags America,1999,Steel,Zamperla,13 ft (4.0 m),280 ft (85 m),11 mph (18 km/h),0,1:06,,,,,,,42
Griffon,Busch Gardens Williamsburg,"May 18, 2007",Steel – Dive Coaster,Bolliger & Mabillard,205 ft (62 m),"3,108 ft (947 m)",71 mph (114 km/h),2,3:00,"1,400 riders per hour","$15,600,000 USD",205 ft (62 m),90°,4,,23
Grizzly,Kings Dominion,"March 27, 1982",Wood,Taft Broadcasting Company,87 ft (27 m),"3,150 ft (960 m)",51 mph (82 km/h),0,2:30,,,,,,,62
Grover's Alpine Express,Busch Gardens Williamsburg,"April 3, 2009",Steel – Junior,Zierer,24 ft (7.3 m),600 ft (180 m),26.5 mph (42.6 km/h),0,,,,,,,,23
Hagrid’s Magical Creatures Motorbike Adventure,Universal's Islands of Adventure,"June 13, 2019[1]",Steel – Launched,Intamin,65 ft (20 m),"5,053 ft (1,540 m)",50 mph (80 km/h),0,2:55,"1,700 riders per hour",USD $300 million[2],17 ft (5.2 m),70°,,,64
Harley Quinn Crazy Train,Six Flags Great Adventure,1999[1],Steel – Junior,Zierer,26.3 ft (8.0 m),"1,181.1 ft (360.0 m)",22.4 mph (36.0 km/h),0,1:05,"1,250 riders per hour",,,,,,37
Harry Potter and the Escape from Gringotts,Universal Studios Florida,"July 8, 2014[1]",Steel – Launched – Enclosed,Intamin,,"600 m (2,000 ft)",,0,5:00,,,,50°,,,65
Helix,Liseberg,26 April 2014,Steel – Launched,Mack Rides,41 m (135 ft),"1,381 m (4,531 ft)",100 km/h (62 mph),7,2:10,"1,350 riders per hour","approx. 239,000,000 SEK",,,4.3 g,,11
High Roller,Valleyfair,1976,Wood,Rauenhorst Corporation,70 ft (21 m),"2,982 ft (909 m)",50 mph (80 km/h),0,1:45,"1,150 riders per hour",,56 ft (17 m),52°,3.2,,68
Hollywood Dream – The Ride,Universal Studios Japan,9 March 2007,Steel,Bolliger & Mabillard,44 m (144 ft),"1,200 m (3,900 ft)",90 km/h (56 mph),0,2:31,,$50 million[1],43 m (141 ft),50°,,,284
Hollywood Rip Ride Rockit,Universal Studios Florida,"August 19, 2009",Steel,Maurer AG,167 ft (51 m),"3,800 ft (1,200 m)",65 mph (105 km/h),0,1:39[3],"1,850 riders per hour","US$ 45,000,000[2]",,,4.18[4],,65
Hoot N Holler,Six Flags Darien Lake,1981,Steel,Zierer,10.8 ft (3.3 m),197.5 ft (60.2 m),16.2 mph (26.1 km/h),0,,600 riders per hour,,,,,,281
Hydra the Revenge,Dorney Park & Wildwater Kingdom,"May 7, 2005",Steel – Floorless Coaster,Bolliger & Mabillard,95 ft (29 m),"3,198 ft (975 m)",53 mph (85 km/h),7,2:35,"1,245 riders per hour","$13,000,000 USD",105 ft (32 m),68°,,,69
Hyperion,Energylandia,14 July 2018,Steel,Intamin,77 m (253 ft),"1,450 m (4,760 ft)",142 km/h (88 mph),1[2],,"1,300 riders per hour",,82 m (269 ft),85°,4.8[2],,317
ICON,Blackpool Pleasure Beach,25 May 2018,Steel – Launched,Mack Rides,88.5 ft (27.0 m),"3,750 ft (1,140 m)",52.8 mph (85.0 km/h),1,2:41,,"£16,250,000",82 ft (25 m),,4.3,,273
Impulse,Knoebels Amusement Resort,"April 25, 2015",Steel,Zierer,98 ft (30 m),"1,975 ft (602 m)",55 mph (89 km/h),4,1:20,,,,90°,,,314
Incredicoaster,Disney California Adventure,"February 8, 2001June 23, 2018",Steel – Launched,Intamin,122 ft (37 m),"6,072 ft (1,851 m)",55 mph (89 km/h),1,2:36,,US$60 million,108 ft (33 m),,,,17
Indiana Jones et le Temple du Péril,Disneyland Park (Paris),30 July 1993,Steel,Intamin,59 ft (18 m),"600 m (2,000 ft)",36 mph (58 km/h),1,1:15,,,,,,,16
Insane,Gröna Lund,25 April 2009,Steel – 4th Dimension,Intamin,35.5 m (116 ft),"320 m (1,050 ft)",60 km/h (37 mph),,,,,,,3.5,,166
Intimidator,Carowinds,"March 27, 2010",Steel,Bolliger & Mabillard,232 ft (71 m),"5,316 ft (1,620 m)",75 mph (121 km/h),0,3:33,"1,600 riders per hour","US$ 23,000,000",211 ft (64 m),74°,4.3,,59
Intimidator 305,Kings Dominion,"April 2, 2010",Steel,Intamin,305 ft (93 m),"5,100 ft (1,554 m)",90 mph (145 km/h),0,3:00,"1,350 riders per hour",$25 million[1][2],300 ft (91.4 m),85°,,,62
InvadR,Busch Gardens Williamsburg,"April 7, 2017",Wood,Great Coasters International,60 ft (18 m),"2,118 ft (646 m)",48 mph (77 km/h),0,,,,74 ft (23 m),,,,23
Iron Dragon,Cedar Point,"June 11, 1987",Steel – Suspended,Arrow Dynamics,76 ft (23 m),"2,800 ft (850 m)",40 mph (64 km/h),0,2:40,"2,000 riders per hour","$4,000,000 USD",,,,,50
Iron Rattler,Six Flags Fiesta Texas,"May 25, 2013",Steel,Rocky Mountain Construction,179 ft (55 m),"3,266 ft (995 m)",70 mph (110 km/h),1,,850 riders per hour,US$10 million[1],171 ft (52 m),81°,,,39
Jack Rabbit,Kennywood,1920,Wood,Harry C. Baker,40 ft (12 m),"2,132 ft (650 m)",45 mph (72 km/h),0,1:36,,"$50,000 USD",70 ft (21 m),45°,,,312
Jaguar!,Knott's Berry Farm,"June 17, 1995",Steel,Zierer,65 ft (20 m),"2,602 ft (793 m)",35 mph (56 km/h),0,2:00,1800 riders per hour,"$10,000,000[1]",45 ft (14 m),25°,,,61
Jersey Devil Coaster,Six Flags Great Adventure,"June 13, 2021",Steel – Single-rail,Rocky Mountain Construction,130 ft (40 m),"3,000 ft (910 m)",58 mph (93 km/h),3,,,,122 ft (37 m),87°,,,37
Jetline,Gröna Lund,1988,Steel,Anton Schwarzkopf,105 ft (32 m),"2,624.8 ft (800.0 m)",55.9 mph (90.0 km/h),0,1:30,"1,300 riders per hour",,,80°,4.5,,166
Jimmy Neutron's Atomic Flyer,Movie Park Germany,March 2007,Steel – Inverted – Family,Vekoma,13 m (43 ft),"689 m (2,260 ft)",,0,,,,,,,,310
Journey to Atlantis,SeaWorld Orlando,"April 17, 1998",Steel,Mack Rides,,,,0,5:56,,,60 ft (18 m),,,,21
Judge Roy Scream,Six Flags Over Texas,"March 1, 1980",Wood,William Cobb & Associates,71 ft (22 m),"2,670 ft (810 m)",45 mph (72 km/h),0,1:30,1200 riders per hour,"$2,100,000",65 ft (20 m),42°,4.0,,34
Jurassic World VelociCoaster,Universal's Islands of Adventure,"June 10, 2021[1]",Steel – Launched,Intamin,155 ft (47 m),"4,700 ft (1,400 m)",70 mph (110 km/h),4,,,,140 ft (43 m),80°,,,64
Kiddie Coaster,Lake Compounce,"June 27, 1997",Steel,Molina & Sons,,,,,,,,,,,,313
Kiddy Hawk,Carowinds,"March 22, 2003",Steel – Family – Inverted,Vekoma,49 ft (15 m),"1,122 ft (342 m)",26 mph (42 km/h),0,1:30,650 riders per hour,,,,2.2,,59
Kingda Ka,Six Flags Great Adventure,"May 21, 2005",Steel – Launched,Intamin,456 ft (139 m),"3,118 ft (950 m)",128 mph (206 km/h),0,0:28,1400 riders per hour,$25 million,418 ft (127 m),90°,,,37
Kondaa,Walibi Belgium,"May 8, 2021",Steel,Intamin,164 ft (50 m),"3,937 ft (1,200 m)",70.2 mph (113.0 km/h),0,1:30,1080 riders per hour,"€25,000,000[1]",,80°,,,14
Krake,Heide Park,"April 16, 2011",Steel – Dive Coaster,Bolliger & Mabillard,41 m (135 ft),"476 m (1,562 ft)",103 km/h (64 mph),1,Under two minutes,,"€12,000,000",,87°,,,25
Kraken,SeaWorld Orlando,"June 1, 2000",Steel – Floorless Coaster,Bolliger & Mabillard,153 ft (47 m),"4,177 ft (1,273 m)",65 mph (105 km/h),7,2:02,1500 riders per hour,,144 ft (44 m),,3.9,,21
Kumba,Busch Gardens Tampa Bay,"April 20, 1993",Steel,Bolliger & Mabillard,143 ft (44 m),"3,978 ft (1,212 m)",60 mph (97 km/h),7,2:54,"1,700 riders per hour",,135 ft (41 m),,3.8,,24
Kvasten,Gröna Lund,"April 28, 2007",Steel – Family – Inverted,Vekoma,19.6 m (64 ft),"395 m (1,296 ft)",55 km/h (34 mph),0,1:03,758 riders per hour,"USD 7,850,000",,,2.5,,166
Laff Trakk,Hersheypark,"May 23, 2015",Steel – Spinning,Maurer AG,51 ft (16 m),"1,400 ft (430 m)",40 mph (64 km/h),0,1:10,850 riders per hour,"$14,000,000[1]",,,,,15
Le Vampire,La Ronde,"May 18, 2002",Steel – Inverted,Bolliger & Mabillard,105 ft (32 m),"2,700.2 ft (823.0 m)",50 mph (80 km/h),5,1:13 minutes,1400 riders per hour,,,,4,,48
Leviathan,Canada's Wonderland,6 May 2012[2],Steel,Bolliger & Mabillard,93.3 m (306 ft),"1,672 m (5,486 ft)",148 km/h (92 mph),0[4],3:28,1650 riders per hour,"US$28,000,000",93.3 m (306 ft),80°,4.5,,58
Lightning Rod,Dollywood,"June 13, 2016",Steel – Launched,Rocky Mountain Construction,,"3,800 ft (1,200 m)",73 mph (117 km/h),0,3:12[1],,$22 million,165 ft (50 m),73°,3.5[2],,55
Lil' Devil Coaster,Six Flags Great Adventure,1999 as Road Runner Railway; 2021 as Lil' Devil Coaster,Steel – Kiddie,Zamperla,13 ft (4.0 m),262.5 ft (80.0 m),,0,0:40,,,,,,,37
Limit,Heide Park,1999,Steel – Inverted,Vekoma,109.3 ft (33.3 m),"2,260.5 ft (689.0 m)",49.7 mph (80.0 km/h),5,1:28,1040 riders per hour,,91 ft (28 m),,,,25
Lisebergbanan,Liseberg,18 April 1987,Steel,Zierer,45 m (148 ft),"1,548 m (5,079 ft)",80 km/h (50 mph),0,,2000 riders per hour,,,,3,,11
Loch Ness Monster,Busch Gardens Williamsburg,"June 6, 1978",Steel,Arrow Development,130 ft (40 m),"3,240 ft (990 m)",60 mph (97 km/h),2,2:10,800 riders per hour,"$5,000,000[1]",114 ft (35 m),55°,3.5,,23
Lost Gravity,Walibi Holland,24 March 2016,Steel,Mack Rides,32 m (105 ft),"680 m (2,230 ft)",87 km/h (54 mph),2,2:33,800 riders per hour,,,90°,4.3,,53
Lucky Luke-The Ride: Die Daltons Brechen Aus,Movie Park Germany,"April 6, 2001",Steel – Inverted,Vekoma,33.3 m (109 ft),"689 m (2,260 ft)",80 km/h (50 mph),5,1:36,1040 riders per hour,,,,,,310
Mad Mouse,Valleyfair,"May 8, 1999",Steel – Wild Mouse,Arrow Dynamics,50 ft (15 m),"1,257 ft (383 m)",30 mph (48 km/h),0,1:30,1000 riders per hour,,,,,,68
Mad Mouse,Michigan's Adventure,"August 7, 1999",Steel – Wild Mouse,Arrow Dynamics,68 ft (21 m),"1,268 ft (386 m)",33 mph (53 km/h),,1:30,500 riders per hour,"$2,000,000",,,,,70
Magnum XL-200,Cedar Point,"May 6, 1989",Steel,Arrow Dynamics,205 ft (62 m),"5,106 ft (1,556 m)",72 mph (116 km/h),0,2:00,"2,000 riders per hour","US$ 8,000,000",194.7 ft (59.3 m),60°,,,50
Mako,SeaWorld Orlando,"June 10, 2016",Steel,Bolliger & Mabillard,200 ft (61 m),"4,760 ft (1,450 m)",73 mph (117 km/h),0,,,,200 ft (61 m),,,,21
Mamba,Worlds of Fun,"April 18, 1998",Steel,D. H. Morgan Manufacturing,205 ft (62 m),"5,600 ft (1,700 m)",75 mph (121 km/h),0,3:00,1700 riders per hour,$10 million,205 ft (62 m),66°,3.5,,63
Mammut,Gardaland,"March 19, 2008",Steel – Mine Train,Vekoma,45.11 ft (13.75 m),"3,379.3 ft (1,030.0 m)",31.1 mph (50.1 km/h),0,2:45,,,,,,,12
Manta,SeaWorld San Diego,"May 26, 2012",Steel – Launched – Family,Mack Rides,30 ft (9.1 m),"2,835 ft (864 m)",43 mph (69 km/h),0,1:56,1400 riders per hour,,54 ft (16 m),,Between 3 and 4 Gs,,20
Manta,SeaWorld Orlando,"May 22, 2009",Steel – Flying,Bolliger & Mabillard,140 ft (43 m),"3,359 ft (1,024 m)",56 mph (90 km/h),4,2:36,"1,500 riders per hour","$50,000,000[1]",113 ft (34 m),,3.7 [2],,21
Maverick,Cedar Point,"May 26, 2007",Steel – Launched,Intamin,105 ft (32 m),"4,450 ft (1,360 m)",70 mph (110 km/h),2,2:30,"1,200 riders per hour","US$21,000,000",100 ft (30 m),95°,,,50
Max & Moritz,Efteling,"June 20, 2020",Steel – Powered – Dual-tracked,Mack Rides,6 m (20 ft),300 m (980 ft),36 km/h (22 mph),0,2:30,1800 riders per hour,"€15,000,000",,,,,160
Maxx Force,Six Flags Great America,"July 4, 2019",Steel – Launched,S&S - Sansei Technologies,175 ft (53 m),"1,800 ft (550 m)",78 mph (126 km/h),5,0:23,1170 riders per hour,"$15,000,000",172 ft (52 m),,4.5,,38
Medusa,Six Flags Discovery Kingdom,"March 18, 2000",Steel – Floorless Coaster,Bolliger & Mabillard,150 ft (46 m),"3,937 ft (1,200 m)",65 mph (105 km/h),7,3:15,1600 riders per hour,"$15,000,000 USD",150 ft (46 m),,4.5,,33
Medusa Steel Coaster,Six Flags México,14 June 2014,Steel,Rocky Mountain Construction,118 ft (36 m),"3,000 ft (910 m)",58 mph (93 km/h),3,1:45,,,100 ft (30 m),54°,,,47
Mighty Canadian Minebuster,Canada's Wonderland,1981,Wood,Canada's Wonderland,27.4 m (90 ft),"1,166.8 m (3,828 ft)",89.9 km/h (55.9 mph),,2:02,,$1.2M est.,26.5 m (87 ft),,,,58
Millennium Force,Cedar Point,"May 13, 2000",Steel,Intamin,310 ft (94 m),"6,595 ft (2,010 m)",93 mph (150 km/h),0,2:20,"1,300 riders per hour","US$25,000,000",300 ft (91 m),80°,4.5,,50
Monster,Gröna Lund,"June 2, 2021; 5 months ago",Steel – Inverted,Bolliger & Mabillard,111.5 ft (34.0 m),"2,296.6 ft (700.0 m)",55.9 mph (90.0 km/h),3,,,450 million SEK (= approx. €44.3 million)[1],,,4.5,,166
Montezooma's Revenge,Knott's Berry Farm,"May 21, 1978",Steel – Launched – Shuttle,Anton Schwarzkopf,148 ft (45 m),800 ft (240 m),55 mph (89 km/h),1 (traversed twice),0:36,1344 riders per hour,,137 ft (42 m),70°,,,61
Montu,Busch Gardens Tampa Bay,"May 16, 1996",Steel – Inverted,Bolliger & Mabillard,150 ft (46 m),"3,983 ft (1,214 m)",60 mph (97 km/h),7,3 minutes,"1,710 riders per hour","US$20,000,000",128 ft (39 m),50°,3.8,,24
MotoCoaster,Six Flags Darien Lake,May 2008,Steel – Launched – Motorbike,Zamperla,44 ft (13 m),"1,198 ft (365 m)",38 mph (61 km/h),0,,250 riders per hour,$3.4million,,,,,281
Mystery Mine,Dollywood,"April 13, 2007",Steel – Euro-Fighter,Gerstlauer,85.3 ft (26.0 m),"1,804.5 ft (550.0 m)",43.5 mph (70.0 km/h),2,2:30,1000 riders per hour,$17.5 million,,95°,,,55
Mystic,Walibi Rhône-Alpes,"May 30, 2019; 2 years ago",Steel,Gerstlauer,101.7 ft (31.0 m),,52.8 mph (85.0 km/h),3,1:45,600 riders per hour,"€6,000,000",,,,,301
Mystic Timbers,Kings Island,"April 15, 2017",Wood,Great Coasters International,109 ft (33 m),"3,265 ft (995 m)",53 mph (85 km/h),0,2:00,1200 riders per hour,"$15,000,000",98 ft (30 m),,,,60
Nemesis,Alton Towers,19 March 1994[2],Steel – Inverted,Bolliger & Mabillard,13 m (42.7 ft),"716 m (2,349 ft)",81 km/h (50 mph),4,1:20,1200 riders per hour,£10 million,31.7 m (104 ft),,3.5[2],,1
Nemesis Inferno,Thorpe Park,5 April 2003,Steel – Inverted,Bolliger & Mabillard,29 m (95 ft),"750 m (2,460 ft)",80 km/h (50 mph),4,1:43,"1,150 riders per hour",£8 million,28 m (92 ft),,5,,2
New Texas Giant,Six Flags Over Texas,"April 22, 2011",Steel,Rocky Mountain Construction,153 ft (47 m),"4,200 ft (1,300 m)",65 mph (105 km/h),0,3:25,1600 riders per hour,US$10 million,147 ft (45 m),79°,4.2,,34
Nickelodeon Streak,Blackpool Pleasure Beach,1933,Wood – Out and back,,61 ft (19 m),"2,293 ft (699 m)",35 mph (56 km/h),0,1:44,,,,,3,,273
Ninja,Six Flags St. Louis,"April 8, 1989",Steel,Vekoma,108.3 ft (33.0 m),"2,430 ft (740 m)",54.7 mph (88.0 km/h),4,2:00,,,80 ft (24 m),,,,36
Ninja,Six Flags Magic Mountain,"May 21, 1988",Steel – Suspended,Arrow Dynamics,60 ft (18 m),"2,700 ft (820 m)",55 mph (89 km/h),0,1:30,"1,600 riders per hour",$6 Million USA,85[1] ft (26 m),36°,2.9,,32
Nitro,Six Flags Great Adventure,"April 7, 2001",Steel,Bolliger & Mabillard,230 ft (70 m),"5,394 ft (1,644 m)",80 mph (130 km/h),0,2:20,1800 riders per hour,"$20,000,000",215 ft (66 m),68°,4.3,,37
Objectif Mars,Futuroscope,13 June 2020,Steel – Spinning – Launched,Intamin,,"1,640.4 ft (500.0 m)",34.2 mph (55.0 km/h),0,2:50,1000 riders per hour,"€22,000,000",,,,,291
Oblivion,Alton Towers,14 March 1998,Steel – Dive Coaster,Bolliger & Mabillard,19.8 m (65 ft),"373 m (1,224 ft)",110 km/h (68 mph),0,1:15,"1,900 riders per hour",£12 million,54.8 m (180 ft),87.5°,4.5,,1
Oblivion: The Black Hole,Gardaland,"March 28, 2015",Steel – Dive Coaster,Bolliger & Mabillard,139.4 ft (42.5 m),"1,856.9 ft (566.0 m)",62.2 mph (100.1 km/h),2,,1890 riders per hour,,,87°,,,12
Octonauts Rollercoaster Adventure,Alton Towers,"March 21, 2015",Steel,Zamperla,21.3 ft (6.5 m),469.2 ft (143.0 m),,0,,,,9.8 ft (3.0 m),,,,1
Orion,Kings Island,"July 2, 2020",Steel,Bolliger & Mabillard,287 ft (87 m),"5,321 ft (1,622 m)",91 mph (146 km/h),0,3:00,"1,650 riders per hour",$30 Million,300 ft (91 m),85[1]°,,,60
Orkanen,Fårup Sommarland,"June 5, 2013",Steel – Family – Inverted,Vekoma,63.3 ft (19.3 m),"1,486.2 ft (453.0 m)",46.6 mph (75.0 km/h),0,1:00,670 riders per hour,"$35,000,000 DKK (2012)[1]",,,3,,18
Outlaw Run,Silver Dollar City,"March 15, 2013 (8 years ago)",Wood,Rocky Mountain Construction,107 ft (33 m),"2,937 ft (895 m)",68 mph (109 km/h),3,1:27,,US$10 million($11.1 million in 2020 dollars[1]),162 ft (49 m),81°,,,10
OzIris,Parc Astérix,7 April 2012,Steel – Inverted,Bolliger & Mabillard,131.2 ft (40.0 m),"3,280 ft (1,000 m)",56 mph (90 km/h),5,About 2:15,1600 riders per hour,About $14 million for the ride and about $9.5 million for the Egyptian themed area,114.8 ft (35.0 m),,,,9
Patriot,Worlds of Fun,"April 8, 2006; 15 years ago",Steel – Inverted,Bolliger & Mabillard,149 ft (45 m),"3,081 ft (939 m)",60 mph (97 km/h),4,2:18,1160 riders per hour,"US$14,000,000",123 ft (37 m),,,,63
Patriot,California's Great America,"March 9, 1991",Steel – Floorless Coaster,Bolliger & Mabillard,91 ft (28 m),"1,920 ft (590 m)",45 mph (72 km/h),2,2:14,1200 riders per hour,,,,,,57
Phantom's Revenge,Kennywood,"May 10, 1991",Steel,D. H. Morgan Manufacturing,160 ft (49 m),"3,200 ft (980 m)",85 mph (137 km/h),0,1:57,1400 riders per hour,$4.6 million,228 ft (69 m),52°,3.5,,312
Phoenix,Knoebels Amusement Resort,"June 15, 1985",Wood,Philadelphia Toboggan Coasters,78 ft (24 m),"3,200 ft (980 m)",45 mph (72 km/h),0,2:00,720 riders per hour,"$1,500,000",72 ft (22 m),,,,314
Polar X-plorer,Legoland Billund,29 April 2012,Steel,Zierer,20 m (66 ft),,65 km/h (40 mph),0,,,,,,,,52
Poltergeist,Six Flags Fiesta Texas,"May 28, 1999",Steel – Launched,Premier Rides,78.8 ft (24.0 m),"2,705 ft (824 m)",60 mph (97 km/h),4,1:15,,,,,4.5,,39
Pony Express,Knott's Berry Farm,"May 22, 2008",Steel – Motorbike – Launched,Zamperla,44 ft (13 m),"1,300 ft (400 m)",38 mph (61 km/h),,0:36,900 riders per hour,,,,,,61
Predator,Six Flags Darien Lake,"May 25, 1990",Wood – Out and back,Dinn Corporation,95 ft (29 m),"3,400 ft (1,000 m)",50 mph (80 km/h),0,1:50,1300 riders per hour,,,,,,281
Prowler,Worlds of Fun,"May 2, 2009",Wood,Great Coasters International,102.3 ft (31.2 m),"3,074 ft (937 m)",51.2 mph (82.4 km/h),0,2:30,850 riders per hour,$8 million,85.9 ft (26.2 m),,,,63
Pulsar,Walibi Belgium,4 June 2016,Steel – Launched – Shuttle,Mack Rides,45 m (148 ft),217 m (712 ft),101 km/h (63 mph),0,1:18,950 riders per hour,"€8,500,000",,90°,,,14
Python,Efteling,"April 12, 1981",Steel,Vekoma,29 m (95 ft),"750 m (2,460 ft)",75 km/h (47 mph),4,2:08,1400 riders per hour,"€ 9,4 million",22 m (72 ft),,3.5,,160
Pégase Express,Parc Astérix,"June 11, 2017; 4 years ago",Steel – Family – Launched,Gerstlauer,68.8 ft (21.0 m),"3,044.6 ft (928.0 m)",32.3 mph (52.0 km/h),0,3:00,1200 riders per hour,"€16,000,000",,,,,9
Racer,Kennywood,1927,Wood – Racing,Charlie Mach,72.5 ft (22.1 m),"4,500 ft (1,400 m)",40 mph (64 km/h),0,1:32,1400 riders per hour,"$75,000",50 ft (15 m),,,,312
Rage,Adventure Island,10 February 2007,Steel – Euro-Fighter,Gerstlauer,72 ft (22 m),"1,184 ft (361 m)",43.5 mph (70.0 km/h),3,0:50,,,,97°,4.5,,97
Raging Bull,Six Flags Great America,"May 1, 1999",Steel,Bolliger & Mabillard,202 ft (62 m),"5,057 ft (1,541 m)",73 mph (117 km/h),0,2:30,1560 riders per hour,"$25,000,000[1]",208 ft (63 m),65°,,,38
Raging Spirits,Tokyo DisneySea,21 July 2005,Steel,Intamin,,"600 m (2,000 ft)",60 km/h (37 mph),1,1:38,,¥8 billion,,,,,275
Raik,Phantasialand,30 June 2016,Steel – Shuttle,Vekoma,82 ft (25 m),689 ft (210 m),38.5 mph (62.0 km/h),0,,720 riders per hour,,,,,,56
RailBlazer,California's Great America,"June 14, 2018",Steel,Rocky Mountain Construction,106 ft (32 m),"1,800 ft (550 m)",52 mph (84 km/h),3,,600 riders per hour,,100 ft (30 m),90°,,,57
Raptor,Cedar Point,"May 7, 1994",Steel – Inverted,Bolliger & Mabillard,137 ft (42 m),"3,790 ft (1,160 m)",57 mph (92 km/h),6,2:16,"1,600 riders per hour","$11,500,000 - $12,000,000",119 ft (36 m),45°,,,50
Raptor,Gardaland,"April 1, 2011",Steel – Wing Coaster,Bolliger & Mabillard,108.3 ft (33.0 m),"2,526.3 ft (770.0 m)",90 km/h (56 mph),"3 (Corkscrew, Zero-G Roll, Inline Twist)",1 minute and 30 seconds,,,,65°,,,12
Rattlesnake,Chessington World of Adventures,1998,Steel – Wild Mouse,Maurer AG,49.25 ft (15.01 m),"1,213 ft (370 m)",28 mph (45 km/h),0,,550 riders per hour,,,,,,3
Red Force,Ferrari Land,7 April 2017,Steel – Launched,Intamin,112 m (367 ft),"880 m (2,890 ft)",180 km/h (112 mph),0,,1200 riders per hour,,,90°,,,277
Renegade,Valleyfair,"May 12, 2007",Wood,Great Coasters International,97.5 ft (29.7 m),"3,113 ft (949 m)",51.3 mph (82.6 km/h),0,2:00,850 riders per hour,"$6,500,000 USD",91.4 ft (27.9 m),66°,3.9,,68
Revolution,Blackpool Pleasure Beach,1979,Steel – Shuttle – Launched,Arrow Development,56 ft (17 m),635 ft (194 m),45 mph (72 km/h),2 (once forwards and once backwards),66,,"£1,000,000",47 ft (14 m),52°,4,,273
Revolution / Mount Mara,Bobbejaanland,"June 15, 1989",Steel – Indoor,Vekoma,28 m (92 ft),"765 m (2,510 ft)",50 km/h (31 mph),0,140 seconds,1200 riders per hour,,,,,,311
Ricochet,Carowinds,"March 23, 2002",Steel – Wild Mouse,Mack Rides,45.9 ft (14.0 m),"1,214 ft (370 m)",28 mph (45 km/h),0,1:50,,,,,,,59
Rita,Alton Towers,1 April 2005,Steel – Launched,Intamin,18.4 m (60 ft),"640 m (2,100 ft)",98.3 km/h (61.1 mph),0,0:25,1150[1] riders per hour,"£8,000,000",,,4.7,,1
River King Mine Train,Six Flags St. Louis,"June 5, 1971",Steel – Mine Train,Arrow Dynamics,32 ft (9.8 m),"2,500 ft (760 m)",37 mph (60 km/h),0,3:00,1800 riders per hour,,41 ft (12 m),,,,36
Road Runner Express,Six Flags Fiesta Texas,"May 1, 1997[1]",Steel – Mine Train,Arrow Dynamics,73 ft (22 m),"2,400 ft (730 m)",35 mph (56 km/h),0,2:24,1800 riders per hour,,67 ft (20 m),27°,3.0,,39
Road Runner Express,Six Flags Discovery Kingdom,1999,Steel,Zamperla,13 ft (4.0 m),262.5 ft (80.0 m),,0,,,,,,,,33
Rougarou,Cedar Point,"May 9, 2015",Steel – Floorless Coaster,Bolliger & Mabillard,145 ft (44 m),"3,900 ft (1,200 m)",60 mph (97 km/h),4,2:40,1800 riders per hour,"US$12,000,000",137 ft (42 m),52°,,,50
Runaway Mine Train,Six Flags Over Texas,"July 23, 1966",Steel,Arrow Development,35 ft (11 m),"2,400 ft (730 m)",35[1] mph (56 km/h),0,3:10,2010 riders per hour,"$1,000,000",,,,,34
Runaway Mine Train,Alton Towers,21 March 1992,Steel – Powered – Mine Train,Mack Rides,36 ft (11 m),"1,000 ft (300 m)",22.4 mph (36.0 km/h),0,1:50,1062 riders per hour,"£1,000,000",36 ft (11 m),29°,2.4,,1
Saw – The Ride,Thorpe Park,13 March 2009,Steel – Euro-Fighter,Gerstlauer,100 ft (30 m),"2,362 ft (720 m)",55 mph (89 km/h),3,1:40,,£13.5 million,,100°,,,2
Schweizer Bobbahn,Heide Park,"August 19, 1978",Steel,Mack Rides,88.6 ft (27.0 m),"3,248 ft (990 m)",32.9 mph (52.9 km/h),,1:40,,,,,,,25
Scorpion,Busch Gardens Tampa Bay,"May 16, 1980",Steel,Anton Schwarzkopf,60.7 ft (18.5 m),"1,817.6 ft (554.0 m)",41 mph (66 km/h),1,1:30,,US$2.5 million – US$3 million,,,3.5,,24
Scorpion Express,Chessington World of Adventures,7 June 1987 as Runaway Train 19 March 2014 as Scorpion Express,Steel – Powered,Mack Rides,4.7 m (15 ft),259 m (850 ft),22.4 mph (36.0 km/h),0,105 seconds,700 riders per hour,"GB£300,000 (equivalent to £850,047 in 2019)",,,,,3
Scream,Six Flags Magic Mountain,"April 12, 2003",Steel,Bolliger & Mabillard,150 ft (46 m),"3,985 ft (1,215 m)",63 mph (101 km/h),7,3:00,"1,440 riders per hour",,141 ft (43 m),,4[1],,32
Screamin’ Eagle,Six Flags St. Louis,"April 10, 1976; 45 years ago",Wood,Philadelphia Toboggan Coasters,110 ft (34 m),"3,872 ft (1,180 m)",62 mph (100 km/h),0,2:30,,"$3,000,000 (1976)",92 ft (28 m),,,,36
Shaman,Gardaland,1985,Steel,Vekoma,98.5 ft (30.0 m),"2,296.7 ft (700.0 m)",43.5 mph (70.0 km/h),4,2 min,1000 riders per hour,,,,,,12
Shambhala,PortAventura Park,12 May 2012,,Bolliger & Mabillard,76 m (249 ft),"1,564 m (5,131 ft)",134 km/h (83 mph),0,3:00,"1,680 riders per hour",,78 m (256 ft),77.4°,3.8,,19
SheiKra,Busch Gardens Tampa Bay,"May 21, 2005",Steel,Bolliger & Mabillard,200 ft (61 m),"3,188 ft (972 m)",70 mph (110 km/h),1,2:20,,$13.5 million,,90°,4[1],,24
Shivering Timbers,Michigan's Adventure,1998,Wood,Custom Coasters International,122 ft (37 m),"5,383 ft (1,641 m)",57 mph (92 km/h),0,2:30,1200 riders per hour,"$4,500,000",,53.3°,3.8 g,,70
Shock Wave,Six Flags Over Texas,"April 22, 1978",Steel,Anton Schwarzkopf,116 ft (35 m),"3,600 ft (1,100 m)",60 mph (97 km/h),2,2:00,,,,,5.9,,34
Sidewinder,Hersheypark,"May 11, 1991",Steel – Shuttle – Boomerang,Vekoma,116.5 ft (35.5 m),935 ft (285 m),47 mph (76 km/h),"6 (3 forward, 3 backward)",1:48,760 riders per hour,,,,5.2,,15
Sierra Sidewinder,Knott's Berry Farm,"May 26, 2007",Steel – Spinning,Mack Rides,62.3 ft (19.0 m),"1,410 ft (430 m)",37 mph (60 km/h),0,,,,39 ft (12 m),,,,61
Silver Bullet,Knott's Berry Farm,"December 7, 2004",Steel – Inverted,Bolliger & Mabillard,146 ft (45 m),"3,125 ft (952 m)",55 mph (89 km/h),6,2:30,1300 riders per hour,"US$16,000,000",109 ft (33 m),40°,3,,61
Silver Star,Europa-Park,23 March 2002,Steel,Bolliger & Mabillard,73 m (240 ft),"1,620 m (5,310 ft)",127 km/h (79 mph),0,,"1,750 riders per hour",,67 m (220 ft),68.5°,4,,51
Silver Streak,Canada's Wonderland,"May 6th, 2001",Steel – Inverted,Vekoma,48.6 ft (14.8 m),"1,122.1 ft (342.0 m)",26 mph (42 km/h),0,1:16,650 riders per hour,,,,,,58
Skull Mountain,Six Flags Great Adventure,"June 3, 1996",Steel – Enclosed,Intamin,40.5 ft (12.3 m),"1,377 ft (420 m)",33 mph (53 km/h),0,1:24,1596[2] riders per hour,$5 million[1],37 ft (11 m),,2.3,,37
Sky Rocket,Kennywood Park,"June 29, 2010",Steel,Premier Rides,95 ft (29 m),"2,100 ft (640 m)",50 mph (80 km/h),3,1:05,,,,90°,0.8,,312
Skyrush,Hersheypark,"May 26, 2012",Steel,Intamin,200 ft (61 m),"3,600 ft (1,100 m)",75 mph (121 km/h),0,1:03,,"US$25,000,000",212 ft (65 m),85°,5,,15
Slinky Dog Dash,Disney's Hollywood Studios,"June 30, 2018",Steel – Family – Launched,Mack Rides,50 ft (15 m),,40 mph (64 km/h),0,2 minutes,,,,,,,7
SooperDooperLooper,Hersheypark,"July 4, 1977",Steel,Anton Schwarzkopf,75 ft (23 m),"2,614 ft (797 m)",45 mph (72 km/h),1,1:45,1175 riders per hour,$3 million,70 ft (21 m),,,,15
Space Fantasy: The Ride,Universal Studios Japan,"March 18, 2010",Steel – Spinning – Enclosed,Mack Rides,7 m (23 ft),"585 m (1,919 ft)",,0,275 seconds,1920 riders per hour,,,,,,284
Space Mountain,Disneyland,"May 27, 1977 (original)July 15, 2005 (reopening)[1]",Steel – Enclosed,Arrow Development (1977–2003)Dynamic Structures (2005–present)]],76 ft (23 m),"3,459 ft (1,054 m)",35[2] mph (56 km/h),0,3:00 min,"2,057 (11 rockets) 1,741 (10 rockets) 1,440 (9 rockets) riders per hour",,,,,,16
Speed of Sound,Walibi Holland,"April 22, 2000",Steel – Shuttle – Boomerang,Vekoma,116.5 ft (35.5 m),935 ft (285 m),47 mph (76 km/h),3 inversions. Each completed both forwards and backwards.,1:48,760 riders per hour,,,56°,5.2,,53
Spinball Whizzer,Alton Towers,27 March 2004,Steel – Spinning,Maurer AG,17 m (56 ft),"470 m (1,540 ft)",60 km/h (37 mph),0,1:15,950 riders per hour,"£3,500,000",,,,,1
Spinning Dragons,Worlds of Fun,"April 17, 2004",Steel – Spinning,Gerstlauer,54 ft (16 m),"1,345 ft (410 m)",31 mph (50 km/h),0,1 min 30sec,720 riders per hour,"$4,000,000 USD",50 ft (15 m),50°,,,63
Sprocket Rockets,Six Flags Great America,1998,Steel – Junior,Vekoma,27.9 ft (8.5 m),679.2 ft (207.0 m),21.7 mph (34.9 km/h),0,0:44,780 riders per hour,,18.0 ft (5.5 m),,,,38
Star Trek: Operation Enterprise,Movie Park Germany,14 June 2017,Steel – Launched,Mack Rides,40 m (130 ft),"720 m (2,360 ft)",90 km/h (56 mph),3,,,,,,,,310
Star Wars: Hyperspace Mountain,Disneyland Park (Paris),"May 7, 2017",Steel – Launched,Vekoma,105 ft (32 m),"3,281 ft (1,000 m)",44 mph (71 km/h),3,2:15,2400 riders per hour,,,,,,16
Stealth,Thorpe Park,15 March 2006,Steel – Launched,Intamin,62.5 m (205 ft),"400.0 m (1,312.3 ft)",80 mph (129 km/h),0,,,£12 Million,,90°,,,2
Steamin' Demon,Great Escape,"May 26, 1984[1]",Steel,Arrow Dynamics,95 ft (29 m),"1,565 ft (477 m)",45 mph (72 km/h),3,37 seconds,,,,,,,45
Steel Curtain,Kennywood,"July 13, 2019",Steel,S&S - Sansei Technologies,220 ft (67 m),"4,000 ft (1,200 m)",75 mph (121 km/h),9,2:00,,,205[1] ft (62 m),,,,312
Steel Eel,SeaWorld San Antonio,"March 6, 1999",Steel,D. H. Morgan Manufacturing,150 ft (46 m),"3,700 ft (1,100 m)",65 mph (105 km/h),0,1:40,1200 riders per hour,,150 ft (46 m),60°,3.5,,22
Steel Force,Dorney Park & Wildwater Kingdom,"May 30, 1997",Steel,D. H. Morgan Manufacturing,200 ft (61 m),"5,600 ft (1,700 m)",75 mph (121 km/h),0,3:00,"1,700 riders per hour","US$10,000,000",205 ft (62 m),61°,3.4,,69
Steel Lasso,Frontier City,"July 18, 2008; 13 years ago",Steel – Suspended Family Coaster,Chance Morgan,14.9 m (49 ft),293 m (961 ft),48.3 km/h (30.0 mph),0,43 Seconds,845 riders per hour,"$4,000,000 USD",,,2.2,,282
Steel Vengeance,Cedar Point,"May 5, 2018",Steel,Rocky Mountain Construction,205 ft (62 m),"5,740 ft (1,750 m)",74 mph (119 km/h),4,2:30,"1,200 riders per hour",,200 ft (61 m),90°,,,50
Steel Venom,Valleyfair,"May 17, 2003",Steel – Inverted – Launched,Intamin,185 ft (56 m),630 ft (190 m),68 mph (109 km/h),0,,950 riders per hour,"$8,500,000 USD",175 ft (53 m),90°,,,68
Steeplechase,Blackpool Pleasure Beach,1977,Steel – Racing,Arrow Dynamics,,,,0,,,"£813,000",,,,,273
Storm Chaser,Paultons Park,12 April 2021,Steel – Spinning,Mack Rides,65.6 ft (20.0 m),,,0,,,,,,,,49
Storm Runner,Hersheypark,"May 8, 2004",Steel – Launched,Intamin,150 ft (46 m),"2,600 ft (790 m)",75 mph (121 km/h),3,0:50,1200 riders per hour,"$12,500,000",180 ft (55 m),90°,5,,15
Streamliner Coaster,Six Flags Fiesta Texas,"March 14, 1992",Steel – Junior,Vekoma,,278.8 ft (85.0 m),,0,,670 riders per hour,,,,,,39
Super Grover's Box Car Derby,SeaWorld San Antonio,,Steel,Zierer,,800 ft (240 m),28 mph (45 km/h),0,,,,,,,,22
Superman El Último Escape,Six Flags México,"November 19, 2004",Steel,D. H. Morgan Manufacturing,219.8 ft (67.0 m),"5,577.4 ft (1,700.0 m)",74.6 mph (120.1 km/h),0,3:04,"1,600 riders per hour",,205 ft (62 m),60°,,,47
Superman The Ride,Six Flags New England,"May 5, 2000",Steel,Intamin,208 ft (63 m),"5,400 ft (1,600 m)",77 mph (124 km/h),0,2:35,1300 riders per hour,"Approx: $12,000,000",221 ft (67 m),72°,3.6,,43
Superman: Krypton Coaster,Six Flags Fiesta Texas,"March 11, 2000",Steel – Floorless Coaster,Bolliger & Mabillard,168 ft (51 m),"4,025 ft (1,227 m)",70 mph (110 km/h),6,2:35,1600 riders per hour,$20 million,163 ft (50 m),58°,3.8,,39
Superman: La Atracción de Acero,Parque Warner Madrid,6 April 2002; 19 years ago,Steel – Floorless Coaster,Bolliger & Mabillard,164.1 ft (50.0 m),"3,608.9 ft (1,100.0 m)",62.1 mph (99.9 km/h),7,2:26,,,,,,,298
Superman: Ultimate Flight,Six Flags Discovery Kingdom,"June 30, 2012[1]",Steel – Launched,Premier Rides,150 ft (46 m),863 ft (263 m),62 mph (100 km/h),1,45 seconds,,"$6,000,000 USD[2]",135 ft (41 m),90°,,,33
Talon,Dorney Park & Wildwater Kingdom,"May 5, 2001",Steel – Inverted,Bolliger & Mabillard,135 ft (41 m),"3,110 ft (950 m)",58 mph (93 km/h),4,2:00,1200 riders per hour,"$13,000,000 USD",120 ft (37 m),50°,4.5,,69
Tantrum,Six Flags Darien Lake,"May 25, 2018",Steel,Gerstlauer,98.4 ft (30.0 m),"1,246.7 ft (380.0 m)",52.8 mph (85.0 km/h),3,1:00,,,,97°,,,281
Taron,Phantasialand,30 June 2016,Steel,Intamin,30.0 m (98.4 ft),"1,320 m (4,330 ft)",117 km/h (73 mph),,,"1,200 riders per hour",,,,,,56
Tatsu,Six Flags Magic Mountain,"May 13, 2006",Steel – Flying,Bolliger & Mabillard,170 ft (52 m),"3,602 ft (1,098 m)",62 mph (100 km/h),4,2:00,"1,600 riders per hour","US$21,000,000",111 ft (34 m),,,,32
Tempesto,Busch Gardens Williamsburg,"April 25, 2015",Steel – Launched,Premier Rides,150 ft (46 m),863 ft (263 m),62 mph (100 km/h),1,,,,135 ft (41 m),,,,23
Tennessee Tornado,Dollywood,"April 17, 1999; 22 years ago",Steel,Arrow Dynamics,163 ft (50 m),"2,682 ft (817 m)",63 mph (101 km/h),3,1:48,"1,360 riders per hour","$8,000,000 USD($12.4 million in 2020 dollars[1])",128 ft (39 m),,3.7,,55
Texas Stingray,SeaWorld San Antonio,"February 22, 2020",Wood,Great Coasters International,96 ft (29 m),"3,379 ft (1,030 m)",55 mph (89 km/h),0,,,,100 ft (30 m),,,,22
The Backyardigans: Mission to Mars,Movie Park Germany,30 June 199619 March 20052008,Steel – Junior,Vekoma,8.5 m (28 ft),207 m (679 ft),34.9 km/h (21.7 mph),0,0:44,780 riders per hour,,,,,,310
The Barnstormer,Magic Kingdom,"October 1, 1996 (Barnstormer)March 12, 2012 (Great Goofini)",Steel – Junior,Vekoma,9.1 m (30 ft),207 m (679 ft),40.2 km/h (25.0 mph),0,1:00,,,,,,,6
The Bat,Kings Island,"April 9, 1993",Steel – Suspended,Arrow Dynamics,78 ft (24 m),"2,352 ft (717 m)",51 mph (82 km/h),0,1:52,"1,200 riders per hour",,70 ft (21 m),45°,2.9,,60
The Beast,Kings Island,"April 14, 1979",Wood,Kings Island,110 ft (34 m),"7,359 ft (2,243 m)",64.78 mph (104.25 km/h),0,4:10,"1,200 riders per hour",$3.2 million,141 ft (43 m),45°,3.6,,60
The Big One,Blackpool Pleasure Beach,28 May 1994,Steel,Arrow Dynamics,213 ft (65 m),"5,497 ft (1,675 m)",74 mph (119 km/h),0,3:00,"1,700 riders per hour",£12 million,205 ft (62 m),65°,3.5,,273
The Boss,Six Flags St. Louis,"April 29, 2000; 21 years ago",Wood,Custom Coasters International,122 ft (37 m),"4,631 ft (1,412 m)",66.3 mph (106.7 km/h),0,3:00,1400[1] riders per hour,,150 ft (46 m),,,,36
The Comet,Great Escape,"1948 (Crystal Beach), June 25, 1994 (relocation to Great Escape)",Wood,Philadelphia Toboggan Coasters,95 ft (29 m),"4,197 ft (1,279 m)",55 mph (89 km/h),,2:00,720 riders per hour,,87 ft (27 m),,,,45
The Flying Dinosaur,Universal Studios Japan,"March 18, 2016",Steel – Flying,Bolliger & Mabillard,151 ft (46 m),"3,687.7 ft (1,124.0 m)",62 mph (100 km/h),5,,,"JPY$10,000,000,000",124 ft (38 m),,,,284
The Great White,SeaWorld San Antonio,February 1997,Steel – Inverted,Bolliger & Mabillard,108 ft (33 m),"2,562 ft (781 m)",50 mph (80 km/h),5,2:00,1400 riders per hour,"$21,000,000",81.2 ft (24.7 m),,4.6,,22
The Grizzly,California's Great America,1986,Wood,Kings Island,91 ft (28 m),"3,250 ft (990 m)",55 mph (89 km/h),0,2:40,,,88 ft (27 m),,,,57
The Incredible Hulk Coaster,Universal's Islands of Adventure,"May 28, 1999",Steel – Launched,Bolliger & Mabillard,110 ft (34 m),"3,700 ft (1,100 m)",67 mph (108 km/h),7,2:15,1920 riders per hour,,104.9 ft (32.0 m),,4,,64
The Joker,Six Flags Discovery Kingdom,"May 29, 2016",,Rocky Mountain Construction,100 ft (30 m),"3,200 ft (980 m)",53 mph (85 km/h),3,2:00,,,,78°,,,33
The Joker,Six Flags México,"March 7, 2013",Steel – Spinning,Gerstlauer,48 ft (15 m),"1,351 ft (412 m)",31 mph (50 km/h),,,,,27 ft (8.2 m),,,,47
The Joker Funhouse Coaster,Six Flags Over Georgia,"September 4, 2004 [1]",Steel,Chance Manufacturing,,900 ft (270 m),30 mph (48 km/h),0,1:28[1],1000 riders per hour,,,,,,35
The Joker's Jinx,Six Flags America,"May 8, 1999",Steel – Launched,Premier Rides,78.8 ft (24.0 m),"2,705 ft (824 m)",60 mph (97 km/h),4,0:56,975 riders per hour,$10 million[1],,,4.5,,42
The New Revolution,Six Flags Magic Mountain,"May 8, 1976",Steel,Anton Schwarzkopf,113 ft (34 m),"3,457 ft (1,054 m)",55 mph (89 km/h),1,79 seconds,1400 riders per hour,"$2,000,000",83 ft (25 m),45°,4.9,,32
The Riddler Mindbender,Six Flags Over Georgia,"March 31, 1978",Steel,Anton Schwarzkopf,80 ft (24 m),"3,253 ft (992 m)",50 mph (80 km/h),2,2:33,1200 riders per hour,$2.8 million,,62°,,,35
The Riddler's Revenge,Six Flags Magic Mountain,"April 4, 1998",Steel – Stand-up,Bolliger & Mabillard,156 ft (48 m),"4,370 ft (1,330 m)",65 mph (105 km/h),6,3:00,"1,610 riders per hour",$14 million,146 ft (45 m),,4.2,,32
The Ride to Happiness,Plopsaland De Panne,"July 1, 2021",Steel – Spinning,Mack Rides,108.3 ft (33.0 m),"3,018.4 ft (920.0 m)",55.9 mph (90.0 km/h),6,,700-800 riders per hour,"€17,500,000[1]",,,,,54
The Smiler,Alton Towers,31 May 2013,Steel,Gerstlauer,,"3,838.6 ft (1,170.0 m)",52.8 mph (85.0 km/h),14,2:45,1200 riders per hour,"£18,000,000",98.4 ft (30.0 m),,4.8[1],,1
The Swarm,Thorpe Park,15 March 2012,Steel – Wing Coaster,Bolliger & Mabillard,38.6 m (127 ft),"775 m (2,543 ft)",59 mph (95 km/h),5,1:15,"1,100 riders per hour",,,,4.5,,2
The Walking Dead: The Ride,Thorpe Park Resort,23 March 1996(X:/ No Way Out) 31 March 2018(The Walking Dead: The Ride),Steel,Vekoma,41.7 ft (12.7 m),"1,312.3 ft (400.0 m)",27.7 mph (44.6 km/h),0,2:00,700 riders per hour,,32 ft (9.8 m),,2.4,,2
The Wild One,Six Flags America,1986,Wood,Dinn Corporation,98 ft (30 m),"4,000 ft (1,200 m)",53 mph (85 km/h),0,1:52,,,88 ft (27 m),,,,42
Thirteen,Alton Towers,20 March 2010,Steel,Intamin,65.6 ft (20.0 m),"2,480 ft (760 m)",42 mph (68 km/h),0,1:40,"1,400 riders per hour","£15,000,000[1]",60 ft (18 m),,3.2,,1
Thunder Run,Canada's Wonderland,"May 23, 1981 as Blauer Enzian, 1986 as Thunder Run",Steel – Powered – Mine Train,Mack Rides,10 m (33 ft),"330 m (1,080 ft)",64 km/h (40 mph),0,1:24,,$2.7M est.,,,,,58
Thunderation,Silver Dollar City,"April 10, 1993",Steel – Mine Train,Arrow Dynamics,81 ft (25 m),"3,022 ft (921 m)",48 mph (77 km/h),0,2:10,,,,,,,10
Thunderbolt,Six Flags New England,1941,Wood,Joseph E. Drambour,70 ft (21 m),"2,600 ft (790 m)",40 mph (64 km/h),0,1:00,,,,,,,43
Thunderbolt,Kennywood,1968,Wood,,70 ft (21 m),"3,250 ft (990 m)",55 mph (89 km/h),0,1:41,,,90 ft (27 m),,,,312
Thunderhawk,Dorney Park & Wildwater Kingdom,"March 30, 1924",Wood,Philadelphia Toboggan Coasters,80 ft (24 m),"2,767 ft (843 m)",45 mph (72 km/h),0,1:18,,,65 ft (20 m),45°,,,69
Thunderhead,Dollywood,"April 3, 2004",Wood,Great Coasters International,100.4 ft (30.6 m),"3,230 ft (980 m)",53.7 mph (86.4 km/h),0,2:30,,"$7,000,000($9.59 million in 2020 dollars[1])",100 ft (30 m),60°,,,55
Tigre de Sibérie,Le Pal,1990,Steel,Reverchon Industries,42.7 ft (13.0 m),"1,181.1 ft (360.0 m)",24.9 mph (40.1 km/h),,,,,,,,,303
Tigris,Busch Gardens Tampa,"April 19, 2019",Steel – Launched,Premier Rides,150 ft (46 m),863 ft (263 m),62 mph (100 km/h),1,,,,135 ft (41 m),,,,24
Tiki-Waka,Walibi Belgium,"April 7, 2018; 3 years ago",Steel,Gerstlauer,68.9 ft (21.0 m),"1,850.4 ft (564.0 m)",34.2 mph (55.0 km/h),0,1:50,600 riders per hour,"€7,800,000",,,,,14
Timber Wolf,Worlds of Fun,April 1989,Wood,Dinn Corporation,100 ft (30 m),"4,260 ft (1,300 m)",53 mph (85 km/h),0,2 min 13 sec,905 riders per hour,$3 million,95 ft (29 m),,,,63
Time Traveler,Silver Dollar City,"March 14, 2018",Steel – Spinning – Launched,Mack Rides,100 ft (30 m),"3,020 ft (920 m)",50.3 mph (81.0 km/h),3,1:57,,$26 million($26.8 million in 2020 dollars[1]),90 ft (27 m),90°,,,10
Time Warp,Canada's Wonderland,"May 2, 2004",Steel,Zamperla,15.3 m (50 ft),"390.99 m (1,282.8 ft)",41.4 km/h (25.7 mph),2,1:04,,,,,,,58
Titan,Six Flags Over Texas,"April 27, 2001",Steel,Giovanola,245 ft (75 m),"5,312 ft (1,619 m)",85 mph (137 km/h),0,3:30,1600 riders per hour,,255 ft (78 m),,,,34
Tom & Jerry,Parque Warner Madrid,6 April 2002; 19 years ago,Steel – Family,Zierer,26 ft (7.9 m),"1,181 ft (360 m)",22 mph (35 km/h),0,1:05,1250 riders per hour,,,,,,298
Tonnerre de Zeus,Parc Astérix,1997,Wood,Custom Coasters International,98 ft (30 m),"4,044 ft (1,233 m)",52 mph (84 km/h),,2:05,,,,,,,9
Tornado,Parque de Atracciones de Madrid,"May 23, 1999",Steel – Inverted,Intamin,98 ft (30 m),"2,624.7 ft (800.0 m)",49.7 mph (80.0 km/h),3,2:00,,,,,4,,321
Trailblazer,Hersheypark,May 14 1974,Steel,Arrow Development,43 ft (13 m),"1,600 ft (490 m)",35 mph (56 km/h),0,1:15,1125 riders per hour,,,,,,15
Troy,Toverland,29 June 2007,Wood,Great Coasters International,31.9 m (105 ft),"1,077.2 m (3,534 ft)",86.9 km/h (54.0 mph),0,~1:50[2],850 riders per hour,"€6,500,000[2]",30.7 m (101 ft),,2.4[2],,305
Twisted Colossus,Six Flags Magic Mountain,"May 23, 2015[1]",Steel,Rocky Mountain Construction,121 ft (37 m),"4,990 ft (1,520 m)",57 mph (92 km/h),2,3:40,,,128 ft (39 m),80°,,,32
Twisted Cyclone,Six Flags Over Georgia,"May 25, 2018",Steel,Rocky Mountain Construction,100 ft (30 m),"2,400 ft (730 m)",50 mph (80 km/h),3,,,,,75°,,,35
Twisted Timbers,Kings Dominion,"March 24, 2018",Steel,Rocky Mountain Construction,111 ft (34 m),"3,351 ft (1,021 m)",54 mph (87 km/h),3,,,,109 ft (33 m),,,,62
Twister,Knoebels Amusement Resort,"July 24, 1999",Wood,Knoebels Amusement Resort,101.5 ft (30.9 m),"3,900 ft (1,200 m)",51 mph (82 km/h),0,2:10 min,,"US$ 3,000,000",89.6 ft (27.3 m),,,,314
Typhoon,Bobbejaanland,10 April 2004,Steel – Euro-Fighter,Gerstlauer,25.7 m (84 ft),"670 m (2,200 ft)",80 km/h (50 mph),4,1:30,1400 riders per hour,"€5,000,000",,97°,5,,311
Untamed,Walibi Holland,"July 1, 2019",Steel,Rocky Mountain Construction,119.8 ft,3559.7 ft,57.2 mph,5,1:46,900 riders per hour,,116.1 ft,80°,,,53
Valkyria,Liseberg,10 August 2018,Steel – Dive Coaster,Bolliger & Mabillard,154.2 ft (47.0 m),"2,296.6 ft (700.0 m)",65.2 mph (104.9 km/h),3,,"1,100 riders per hour",,164 ft (50 m),,,,11
Valravn,Cedar Point,"May 7, 2016",Steel – Dive Coaster,Bolliger & Mabillard,223 ft (68 m),"3,415 ft (1,041 m)",75 mph (121 km/h),3,2:23,"1,200 riders per hour",,214 ft (65 m),90°,,,50
Vampire,Chessington World of Adventures,11 April 1990,Steel – Suspended,Arrow Dynamics,70 ft (21 m),"2,200 ft (670 m)",45 mph (72 km/h),0,,,,,,4,,3
Van Helsing's Factory,Movie Park Germany,18 June 2011,Steel – Enclosed,Gerstlauer,8 m (26 ft),"400 m (1,300 ft)",36 km/h (22 mph),0,1:50,848 riders per hour,€5 million,,,4,,310
Vapor Trail,Sesame Place,June 1998,Steel – Junior,Vekoma,43 ft (13 m),"1,300 ft (400 m)",27 mph (43 km/h),0,1:15,,,56 ft (17 m),,,,29
Verbolten,Busch Gardens Williamsburg,"May 18, 2012[1]",Steel – Launched,Zierer,,"2,835 ft (864 m)",53 mph (85 km/h),0,3:25,,,88 ft (27 m),,,,23
Vilda Musen,Gröna Lund,18 April 2003,Steel,Gerstlauer,68.11 ft (20.76 m),"1,410.9 ft (430.0 m)",34.2 mph (55.0 km/h),0,1:34,800 riders per hour,,,40°,,,166
Viper,Six Flags Magic Mountain,"April 7, 1990",Steel,Arrow Dynamics,188 ft (57 m),"3,830 ft (1,170 m)",70 mph (110 km/h),7,2:30,1700 riders per hour,"$8,000,000 USD",171 ft (52 m),55°,4.1,,32
Viper,Six Flags Great America,"April 29, 1995",Wood,Six Flags,100 ft (30 m),"3,458 ft (1,054 m)",50 mph (80 km/h),0,1:45,1000 riders per hour,,80 ft (24 m),53°,3.6,,38
Viper,Six Flags Darien Lake,"May 29, 1982",Steel,Arrow Dynamics,121 ft (37 m),"3,100 ft (940 m)",50 mph (80 km/h),5,2:04,2100 riders per hour,$6.5 million,75 ft (23 m),,,,281
Vogel Rok,Efteling,"April 9, 1998",Steel – Enclosed,Vekoma,82 ft (25 m),"2,296 ft (700 m)",40 mph (64 km/h),0,101 seconds,1600 riders per hour,€ 12 million,62 ft (19 m),,3.5,,160
Vortex,Canada's Wonderland,"May 12, 1991",Steel – Suspended,Arrow Dynamics,27.8 m (91 ft),"719.5 m (2,361 ft)",55 mph (89 km/h),,1:36,,,26 m (85 ft),,,,58
Vortex,Carowinds,"March 14, 1992",Steel – Stand-up,Bolliger & Mabillard,90 ft (27 m),"2,040 ft (620 m)",50 mph (80 km/h),2,2:19,,$5.5 million[1],,,,,59
Wakala,Bellewaerde,"July 1, 2020; 16 months ago",Steel – Family,Gerstlauer,68.9 ft (21.0 m),"2,165.4 ft (660.0 m)",31.1 mph (50.1 km/h),0,,1000 riders per hour,"€7,500,000",,,,,276
Wave Breaker: The Rescue Coaster,SeaWorld San Antonio,"June 16, 2017",Steel – Launched – Motorbike,Intamin,61 ft (19 m),"2,600 ft (790 m)",44 mph (71 km/h),0,,886 riders per hour,"$18,000,000",,,,,22
West Coast Racers,Six Flags Magic Mountain,"January 9, 2020",Steel – Launched,Premier Rides,67 ft (20 m),"4,000 ft (1,200 m)",55 mph (89 km/h),4,3:00,,,,,,,32
White Lightning,Fun Spot America,"June 7, 2013",Wood,Great Coasters International,69.7 ft (21.2 m),"2,032 ft (619 m)",44.3 mph (71.3 km/h),0,1:15,,$3.5 million,67.2 ft (20.5 m),58°,,,18
Wicked Cyclone,Six Flags New England,"May 24, 2015",Steel,Rocky Mountain Construction,109 ft (33 m),"3,320 ft (1,010 m)",55 mph (89 km/h),3,,,US$10 million,,78°,,,43
Wicker Man,Alton Towers,20 March 2018,Wood,Great Coasters International,,"2,608.3 ft (795.0 m)",43.6 mph (70.2 km/h),0,1:50,952 riders per hour,"£16,000,000",72.2 ft (22.0 m),,,,1
Wild Eagle,Dollywood,"March 24, 2012",Steel – Wing Coaster,Bolliger & Mabillard,210 ft (64 m),"3,127 ft (953 m)",61 mph (98 km/h),4,2:22,,"$20,000,000($22.5 million in 2020 dollars[1])",135 ft (41 m),,,,55
Wild Mouse,Hersheypark,"May 8, 1999",Steel,Mack Rides,45 ft (14 m),"1,213 ft (370 m)",28 mph (45 km/h),,1:58,835 riders per hour,,,,,,15
Wild Thing,Valleyfair,"May 11, 1996",Steel,D. H. Morgan Manufacturing,207 ft (63 m),"5,460 ft (1,660 m)",75 mph (121 km/h),0,3:00,"1,700 riders per hour","$9,500,000 USD",196 ft (60 m),60°,4.1,,68
Wildcat,Hersheypark,"May 26, 1996",Wood,Great Coasters International,106 ft (32 m),"3,183 ft (970 m)",50 mph (80 km/h),0,1:15,1310 riders per hour,"US$5,000,000",85.2 ft (26.0 m),,3.5,,15
Wildcat,Lake Compounce,1927,Wood – Out and back,Philadelphia Toboggan Coasters,85 ft (26 m),"2,746 ft (837 m)",48 mph (77 km/h),0,1:15,,,78 ft (24 m),,,,313
Wilde Beast,Canada's Wonderland,1981,Wood,Taft Broadcasting Company,25 m (82 ft),"960 m (3,150 ft)",90 km/h (56 mph),0,3:00,,1.2M,23.8 m (78 ft),,,,58
Wilderness Run,Carowinds,1998,Steel – Junior,E&F Miler Industries,15 ft (4.6 m),,15 mph (24 km/h),0,,,,,,,,59
Wilderness Run,Cedar Point,1979,Steel,Intamin,19 ft (5.8 m),443 ft (135 m),6 mph (9.7 km/h),0,0:50,,,,,,,50
Wildfire,Silver Dollar City,"April 4, 2001",Steel,Bolliger & Mabillard,120 ft (37 m),"3,073 ft (937 m)",66 mph (106 km/h),5,2:16,"1,300 riders per hour",US$14 million,155 ft (47 m),63°,3.6,,10
Wodan Timbur Coaster,Europa-Park,31 March 2012,Wood,Great Coasters International,131 ft (40 m),"3,444 ft (1,050 m)",62.1 mph (99.9 km/h),0,3:25,1250 riders per hour,"€ 10,000,000",,52°,3.5 g,,51
Wolverine Wildcat,Michigan's Adventure,"May 18, 1988",Wood,Dinn Corporation,85 ft (26 m),"3,000 ft (910 m)",55 mph (89 km/h),0,2:00,700 riders per hour,,78 ft (24 m),50°,,,70
Wonder Mountain's Guardian,Canada's Wonderland,"May 24, 2014",Steel,Art Engineering,18.3 m (60 ft),"304.8 m (1,000 ft)",,0,3 minutes and 30 seconds,650 riders per hour,"$10,000,000",,,,,58
Wonder Woman Coaster,Six Flags Mexico,"June 1, 2018",Steel – 4th Dimension – Wing Coaster,S&S – Sansei Technologies,110 ft (34 m),"1,019 ft (311 m)",38 mph (61 km/h),6 (2 track inversions),,720 riders per hour,,54 ft (16 m),,,,47
Wonder Woman Golden Lasso Coaster,Six Flags Fiesta Texas,"May 12, 2018[1]",Steel,Rocky Mountain Construction,113 ft (34 m),"1,800 ft (550 m)",52 mph (84 km/h),3,,600 riders per hour,,100 ft (30 m),90°,,,39
Woodstock Express,California's Great America,1987,Steel,Intamin,13 ft (4.0 m),"1,300 ft (400 m)",,0,,,,,,,,57
Woodstock Express,Kings Island,1972,Wood,Philadelphia Toboggan Coasters,38.6 ft (11.8 m),"1,350 ft (410 m)",35 mph (56 km/h),0,1:30,1200 riders per hour,,30 ft (9.1 m),,,,60
Woodstock Express,Kings Dominion,1974,Wood,Philadelphia Toboggan Coasters,35 ft (11 m),"1,385 ft (422 m)",35 mph (56 km/h),0,1:40,1200 riders per hour,,30 ft (9.1 m),,,,62
Woodstock Express,Michigan's Adventure,"July 10, 1999",Steel – Family,Chance Rides,16.1 ft (4.9 m),350 ft (110 m),15 mph (24 km/h),0,45 seconds,300 riders per hour,,,,,,70
Woodstock Express,Cedar Point,"May 10, 1999",Steel – Junior,Vekoma,38 ft (12 m),"1,099 ft (335 m)",25 mph (40 km/h),,1:10,,,,,,,50
Woodstock Express,Carowinds,1975,Wood,Philadelphia Toboggan Coasters,40 ft (12 m),"1,356 ft (413 m)",36 mph (58 km/h),0,1:00,1250 riders per hour,,35 ft (11 m),,,,59
Woodstock Express,Dorney Park & Wildwater Kingdom,"May 5, 2000",Steel,Zamperla,13 ft (4.0 m),262.5 ft (80.0 m),13 mph (21 km/h),0,,,,8 ft (2.4 m),,,,69
Woody Woodpecker's Nuthouse Coaster,Universal Studios Florida,"March 13, 1999",Steel – Junior,Vekoma,27.9 ft (8.5 m),679.2 ft (207.0 m),21.7 mph (34.9 km/h),0,0:44,780 riders per hour,,,,,,65
X-Flight,Six Flags Great America,"May 16, 2012",Steel – Wing Coaster,Bolliger & Mabillard,120 ft (37 m),"3,000 ft (910 m)",55 mph (89 km/h),5,1:15,,$12–15 million[1],,,,,38
Xcelerator,Knott's Berry Farm,"June 22, 2002",Steel – Launched,Intamin,205 ft (62 m),"2,202 ft (671 m)",82 mph (132 km/h),0,1:02 (25 seconds from launch to brakes),"1,330 riders per hour","$13,000,000",,90°,,,61
Xpress: Platform 13,Walibi Holland,April 2000,Steel – Launched,Vekoma,85 ft (26 m),"3,267 ft (996 m)",55.9 mph (90.0 km/h),3,100 seconds,1200 riders per hour,,,,,,53
X²,Six Flags Magic Mountain,"January 12, 2002",Steel – 4th Dimension,Arrow Dynamics,175 ft (53 m),"3,610 ft (1,100 m)",76 mph (122 km/h),2,,1600[2] riders per hour,"$45,000,000 USD to build (2002)$10,000,000 USD to renovate (2008)[1]",215 ft (66 m),88.5°,4Gs,,32
Yukon Striker,Canada's Wonderland,3 May 2019,Steel – Dive Coaster,Bolliger & Mabillard,68 m (223 ft),"1,105 m (3,625 ft)",130 km/h (81 mph),4,3:25,"1,329 riders per hour",,74.7 m (245 ft),90°,,,58
Zach's Zoomer,Michigan's Adventure,"July 22, 1994",Wood,Custom Coasters International,,,,0,1:20,450 riders per hour,,,40°,,,70
Zadra,Energylandia,22 August 2019,,Rocky Mountain Construction,62.8 m (206 ft),"1,316 m (4,318 ft)",121 km/h (75 mph),3,1:50,"1,050 riders per hour",,,90°,4,,317
Zoomerang,Lake Compounce,"June 27, 1997",Steel – Boomerang,Vekoma,116.5 ft (35.5 m),935 ft (285 m),47 mph (76 km/h),3,1:48,760 riders per hour,,,,5.2,,313
